{
  "id": "/subscriptions/b10fbc3d-9183-45a5-9ea5-54734bfd3ba7/resourceGroups/az104-06-rg1/providers/Microsoft.Resources/deployments/Microsoft.ApplicationGateway-20220625130717",
  "name": "Microsoft.ApplicationGateway-20220625130717",
  "type": "Microsoft.Resources/deployments",
  "tags": {
    "marketplaceItemId": "Microsoft.ApplicationGateway"
  },
  "properties": {
    "templateHash": "16642703612066811902",
    "parameters": {
      "location": {
        "type": "String",
        "value": "eastus"
      },
      "applicationGatewayName": {
        "type": "String",
        "value": "az104-06-appgw5"
      },
      "tier": {
        "type": "String",
        "value": "Standard_v2"
      },
      "skuSize": {
        "type": "String",
        "value": "Standard_v2"
      },
      "capacity": {
        "type": "Int",
        "value": 2
      },
      "subnetName": {
        "type": "String",
        "value": "subnet-appgw"
      },
      "zones": {
        "type": "Array",
        "value": []
      },
      "publicIpAddressName": {
        "type": "String",
        "value": "az104-06-pip5"
      },
      "sku": {
        "type": "String",
        "value": "Standard"
      },
      "allocationMethod": {
        "type": "String",
        "value": "Static"
      },
      "publicIpZones": {
        "type": "Array",
        "value": []
      }
    },
    "mode": "Incremental",
    "debugSetting": {
      "detailLevel": "None"
    },
    "provisioningState": "Succeeded",
    "timestamp": "2022-06-25T20:15:54.494505Z",
    "duration": "PT4M20.9846345S",
    "correlationId": "6c84754b-664e-4be4-9738-8a455155d48a",
    "providers": [
      {
        "namespace": "Microsoft.Network",
        "resourceTypes": [
          {
            "resourceType": "applicationGateways",
            "locations": [
              "eastus"
            ]
          },
          {
            "resourceType": "publicIPAddresses",
            "locations": [
              "eastus"
            ]
          }
        ]
      }
    ],
    "dependencies": [
      {
        "dependsOn": [
          {
            "id": "/subscriptions/b10fbc3d-9183-45a5-9ea5-54734bfd3ba7/resourceGroups/az104-06-rg1/providers/Microsoft.Network/publicIPAddresses/az104-06-pip5",
            "resourceType": "Microsoft.Network/publicIPAddresses",
            "resourceName": "az104-06-pip5"
          }
        ],
        "id": "/subscriptions/b10fbc3d-9183-45a5-9ea5-54734bfd3ba7/resourceGroups/az104-06-rg1/providers/Microsoft.Network/applicationGateways/az104-06-appgw5",
        "resourceType": "Microsoft.Network/applicationGateways",
        "resourceName": "az104-06-appgw5"
      }
    ],
    "outputResources": [
      {
        "id": "/subscriptions/b10fbc3d-9183-45a5-9ea5-54734bfd3ba7/resourceGroups/az104-06-rg1/providers/Microsoft.Network/applicationGateways/az104-06-appgw5"
      },
      {
        "id": "/subscriptions/b10fbc3d-9183-45a5-9ea5-54734bfd3ba7/resourceGroups/az104-06-rg1/providers/Microsoft.Network/publicIPAddresses/az104-06-pip5"
      }
    ],
    "validationLevel": "Template"
  }
}