[
  {
    "id": "/subscriptions/b10fbc3d-9183-45a5-9ea5-54734bfd3ba7/resourceGroups/az104-06-rg1/providers/Microsoft.Resources/deployments/Microsoft.ApplicationGateway-20220625130717/operations/AE627F4A59E6318E",
    "operationId": "AE627F4A59E6318E",
    "properties": {
      "provisioningOperation": "Create",
      "provisioningState": "Succeeded",
      "timestamp": "2022-06-25T20:15:54.0893233Z",
      "duration": "PT4M20.1214069S",
      "trackingId": "ae385258-246f-4d38-bf70-ee37f50c9813",
      "statusCode": "OK",
      "targetResource": {
        "id": "/subscriptions/b10fbc3d-9183-45a5-9ea5-54734bfd3ba7/resourceGroups/az104-06-rg1/providers/Microsoft.Network/applicationGateways/az104-06-appgw5",
        "resourceType": "Microsoft.Network/applicationGateways",
        "resourceName": "az104-06-appgw5"
      }
    }
  },
  {
    "id": "/subscriptions/b10fbc3d-9183-45a5-9ea5-54734bfd3ba7/resourceGroups/az104-06-rg1/providers/Microsoft.Resources/deployments/Microsoft.ApplicationGateway-20220625130717/operations/E4357BFF6926C33F",
    "operationId": "E4357BFF6926C33F",
    "properties": {
      "provisioningOperation": "Create",
      "provisioningState": "Succeeded",
      "timestamp": "2022-06-25T20:11:37.736358Z",
      "duration": "PT3.7684416S",
      "trackingId": "4fa3d920-f682-436a-8678-f5bc08702b72",
      "statusCode": "OK",
      "targetResource": {
        "id": "/subscriptions/b10fbc3d-9183-45a5-9ea5-54734bfd3ba7/resourceGroups/az104-06-rg1/providers/Microsoft.Network/publicIPAddresses/az104-06-pip5",
        "resourceType": "Microsoft.Network/publicIPAddresses",
        "resourceName": "az104-06-pip5"
      }
    }
  },
  {
    "id": "/subscriptions/b10fbc3d-9183-45a5-9ea5-54734bfd3ba7/resourceGroups/az104-06-rg1/providers/Microsoft.Resources/deployments/Microsoft.ApplicationGateway-20220625130717/operations/08585454189926086337",
    "operationId": "08585454189926086337",
    "properties": {
      "provisioningOperation": "EvaluateDeploymentOutput",
      "provisioningState": "Succeeded",
      "timestamp": "2022-06-25T20:15:54.2484723Z",
      "duration": "PT4M20.2805559S",
      "trackingId": "1bcd7d3b-8cd5-4c81-aad6-0e5a3a44de3a",
      "statusCode": "OK"
    }
  }
]