{
    "$schema": "https://schema.management.azure.com/schemas/2015-01-01/deploymentParameters.json#",
    "contentVersion": "1.0.0.0",
    "parameters": {
        "networkInterfaces_az104_05_nic2_name": {
            "value": null
        },
        "publicIPAddresses_az104_05_pip2_externalid": {
            "value": null
        },
        "virtualNetworks_az104_05_vnet2_externalid": {
            "value": null
        },
        "networkSecurityGroups_az104_05_nsg2_externalid": {
            "value": null
        }
    }
}