{
    "$schema": "https://schema.management.azure.com/schemas/2019-04-01/deploymentTemplate.json#",
    "contentVersion": "1.0.0.0",
    "parameters": {
        "networkInterfaces_az104_05_nic2_name": {
            "defaultValue": "az104-05-nic2",
            "type": "String"
        },
        "publicIPAddresses_az104_05_pip2_externalid": {
            "defaultValue": "/subscriptions/b10fbc3d-9183-45a5-9ea5-54734bfd3ba7/resourceGroups/az104-05-rg1/providers/Microsoft.Network/publicIPAddresses/az104-05-pip2",
            "type": "String"
        },
        "virtualNetworks_az104_05_vnet2_externalid": {
            "defaultValue": "/subscriptions/b10fbc3d-9183-45a5-9ea5-54734bfd3ba7/resourceGroups/az104-05-rg1/providers/Microsoft.Network/virtualNetworks/az104-05-vnet2",
            "type": "String"
        },
        "networkSecurityGroups_az104_05_nsg2_externalid": {
            "defaultValue": "/subscriptions/b10fbc3d-9183-45a5-9ea5-54734bfd3ba7/resourceGroups/az104-05-rg1/providers/Microsoft.Network/networkSecurityGroups/az104-05-nsg2",
            "type": "String"
        }
    },
    "variables": {},
    "resources": [
        {
            "type": "Microsoft.Network/networkInterfaces",
            "apiVersion": "2020-11-01",
            "name": "[parameters('networkInterfaces_az104_05_nic2_name')]",
            "location": "westus",
            "properties": {
                "ipConfigurations": [
                    {
                        "name": "ipconfig1",
                        "properties": {
                            "privateIPAddress": "10.52.0.4",
                            "privateIPAllocationMethod": "Dynamic",
                            "publicIPAddress": {
                                "id": "[parameters('publicIPAddresses_az104_05_pip2_externalid')]"
                            },
                            "subnet": {
                                "id": "[concat(parameters('virtualNetworks_az104_05_vnet2_externalid'), '/subnets/subnet0')]"
                            },
                            "primary": true,
                            "privateIPAddressVersion": "IPv4"
                        }
                    }
                ],
                "dnsSettings": {
                    "dnsServers": []
                },
                "enableIPForwarding": false,
                "networkSecurityGroup": {
                    "id": "[parameters('networkSecurityGroups_az104_05_nsg2_externalid')]"
                }
            }
        }
    ]
}