{
    "$schema": "https://schema.management.azure.com/schemas/2019-04-01/deploymentTemplate.json#",
    "contentVersion": "1.0.0.0",
    "parameters": {
        "disks_az104_05_vm0_disk1_120f998a44ba4e2a96b6b2db76d5b005_name": {
            "defaultValue": "az104-05-vm0_disk1_120f998a44ba4e2a96b6b2db76d5b005",
            "type": "String"
        }
    },
    "variables": {},
    "resources": [
        {
            "type": "Microsoft.Compute/disks",
            "apiVersion": "2021-12-01",
            "name": "[parameters('disks_az104_05_vm0_disk1_120f998a44ba4e2a96b6b2db76d5b005_name')]",
            "location": "eastus",
            "sku": {
                "name": "Premium_LRS",
                "tier": "Premium"
            },
            "properties": {
                "osType": "Windows",
                "hyperVGeneration": "V1",
                "supportsHibernation": false,
                "supportedCapabilities": {
                    "acceleratedNetwork": true,
                    "architecture": "x64"
                },
                "creationData": {
                    "createOption": "FromImage",
                    "imageReference": {
                        "id": "/Subscriptions/0f28f72f-3700-4a71-92f7-2d809552aae9/Providers/Microsoft.Compute/Locations/eastus/Publishers/microsoftwindowsserver/ArtifactTypes/VMImage/Offers/windowsserver/Skus/2019-datacenter/Versions/17763.3132.220610"
                    }
                },
                "diskSizeGB": 127,
                "diskIOPSReadWrite": 500,
                "diskMBpsReadWrite": 100,
                "encryption": {
                    "type": "EncryptionAtRestWithPlatformKey"
                },
                "networkAccessPolicy": "AllowAll",
                "publicNetworkAccess": "Enabled",
                "diskState": "Attached",
                "tier": "P10"
            }
        }
    ]
}