{
  "id": "/subscriptions/b10fbc3d-9183-45a5-9ea5-54734bfd3ba7/resourceGroups/az104-06-rg1/providers/Microsoft.Resources/deployments/Microsoft.LoadBalancer-20220625123929",
  "name": "Microsoft.LoadBalancer-20220625123929",
  "type": "Microsoft.Resources/deployments",
  "tags": {
    "primaryResourceId": "/subscriptions/b10fbc3d-9183-45a5-9ea5-54734bfd3ba7/resourcegroups/az104-06-rg1/providers/Microsoft.Network/loadBalancers/az104-06-lb4",
    "marketplaceItemId": "Microsoft.LoadBalancer"
  },
  "properties": {
    "templateHash": "1382904993392028059",
    "parameters": {
      "name": {
        "type": "String",
        "value": "az104-06-lb4"
      },
      "location": {
        "type": "String",
        "value": "eastus"
      },
      "sku": {
        "type": "String",
        "value": "Standard"
      },
      "tier": {
        "type": "String",
        "value": "Regional"
      }
    },
    "mode": "Incremental",
    "debugSetting": {
      "detailLevel": "None"
    },
    "provisioningState": "Running",
    "timestamp": "2022-06-25T19:45:14.7940677Z",
    "duration": "PT58.1789538S",
    "correlationId": "f4a7be26-1af4-4f9f-b9f1-d5a09985e73e",
    "providers": [
      {
        "namespace": "Microsoft.Network",
        "resourceTypes": [
          {
            "resourceType": "loadBalancers",
            "locations": [
              "eastus"
            ]
          },
          {
            "resourceType": "publicIpAddresses",
            "locations": [
              "eastus"
            ]
          }
        ]
      },
      {
        "namespace": "Microsoft.Resources",
        "resourceTypes": [
          {
            "resourceType": "deployments",
            "locations": [
              null
            ]
          }
        ]
      }
    ],
    "dependencies": [
      {
        "dependsOn": [
          {
            "id": "/subscriptions/b10fbc3d-9183-45a5-9ea5-54734bfd3ba7/resourceGroups/az104-06-rg1/providers/Microsoft.Network/publicIpAddresses/az104-06-pip4",
            "resourceType": "Microsoft.Network/publicIpAddresses",
            "resourceName": "az104-06-pip4"
          }
        ],
        "id": "/subscriptions/b10fbc3d-9183-45a5-9ea5-54734bfd3ba7/resourceGroups/az104-06-rg1/providers/Microsoft.Network/loadBalancers/az104-06-lb4",
        "resourceType": "Microsoft.Network/loadBalancers",
        "resourceName": "az104-06-lb4"
      },
      {
        "dependsOn": [
          {
            "id": "/subscriptions/b10fbc3d-9183-45a5-9ea5-54734bfd3ba7/resourceGroups/az104-06-rg1/providers/Microsoft.Network/loadBalancers/az104-06-lb4",
            "resourceType": "Microsoft.Network/loadBalancers",
            "resourceName": "az104-06-lb4"
          }
        ],
        "id": "/subscriptions/b10fbc3d-9183-45a5-9ea5-54734bfd3ba7/resourceGroups/az104-06-rg1/providers/Microsoft.Resources/deployments/NicUpdate-76111172-8618-4fe4-ae26-7b0b23068498-20220625124413",
        "resourceType": "Microsoft.Resources/deployments",
        "resourceName": "NicUpdate-76111172-8618-4fe4-ae26-7b0b23068498-20220625124413"
      },
      {
        "dependsOn": [
          {
            "id": "/subscriptions/b10fbc3d-9183-45a5-9ea5-54734bfd3ba7/resourceGroups/az104-06-rg1/providers/Microsoft.Network/loadBalancers/az104-06-lb4",
            "resourceType": "Microsoft.Network/loadBalancers",
            "resourceName": "az104-06-lb4"
          }
        ],
        "id": "/subscriptions/b10fbc3d-9183-45a5-9ea5-54734bfd3ba7/resourceGroups/az104-06-rg1/providers/Microsoft.Resources/deployments/NicUpdate-af4777bc-cdcc-4155-8813-e163f2251ff1-20220625124413",
        "resourceType": "Microsoft.Resources/deployments",
        "resourceName": "NicUpdate-af4777bc-cdcc-4155-8813-e163f2251ff1-20220625124413"
      }
    ],
    "validationLevel": "Template"
  }
}