[
  {
    "id": "/subscriptions/b10fbc3d-9183-45a5-9ea5-54734bfd3ba7/resourceGroups/az104-06-rg1/providers/Microsoft.Resources/deployments/Microsoft.LoadBalancer-20220625123929/operations/5DEAEFB45CC895D4",
    "operationId": "5DEAEFB45CC895D4",
    "properties": {
      "provisioningOperation": "Create",
      "provisioningState": "Running",
      "timestamp": "2022-06-25T19:44:58.9634969Z",
      "duration": "PT41.6214151S",
      "trackingId": "b8619e1a-3b93-4ec3-be74-bb489ab9e3df",
      "statusCode": "Created",
      "targetResource": {
        "id": "/subscriptions/b10fbc3d-9183-45a5-9ea5-54734bfd3ba7/resourceGroups/az104-06-rg1/providers/Microsoft.Resources/deployments/NicUpdate-af4777bc-cdcc-4155-8813-e163f2251ff1-20220625124413",
        "resourceType": "Microsoft.Resources/deployments",
        "resourceName": "NicUpdate-af4777bc-cdcc-4155-8813-e163f2251ff1-20220625124413"
      }
    }
  },
  {
    "id": "/subscriptions/b10fbc3d-9183-45a5-9ea5-54734bfd3ba7/resourceGroups/az104-06-rg1/providers/Microsoft.Resources/deployments/Microsoft.LoadBalancer-20220625123929/operations/FBD2165E2E3D28E3",
    "operationId": "FBD2165E2E3D28E3",
    "properties": {
      "provisioningOperation": "Create",
      "provisioningState": "Running",
      "timestamp": "2022-06-25T19:44:59.4685271Z",
      "duration": "PT32.3154289S",
      "trackingId": "b5f07129-4c34-4ad4-a4f4-f361ef3761c4",
      "statusCode": "Created",
      "targetResource": {
        "id": "/subscriptions/b10fbc3d-9183-45a5-9ea5-54734bfd3ba7/resourceGroups/az104-06-rg1/providers/Microsoft.Resources/deployments/NicUpdate-76111172-8618-4fe4-ae26-7b0b23068498-20220625124413",
        "resourceType": "Microsoft.Resources/deployments",
        "resourceName": "NicUpdate-76111172-8618-4fe4-ae26-7b0b23068498-20220625124413"
      }
    }
  },
  {
    "id": "/subscriptions/b10fbc3d-9183-45a5-9ea5-54734bfd3ba7/resourceGroups/az104-06-rg1/providers/Microsoft.Resources/deployments/Microsoft.LoadBalancer-20220625123929/operations/75A220E60C03D61F",
    "operationId": "75A220E60C03D61F",
    "properties": {
      "provisioningOperation": "Create",
      "provisioningState": "Succeeded",
      "timestamp": "2022-06-25T19:44:26.9552424Z",
      "duration": "PT9.6131606S",
      "trackingId": "3b65e161-74e8-4d03-9f83-681cccf72f7b",
      "statusCode": "Created",
      "targetResource": {
        "id": "/subscriptions/b10fbc3d-9183-45a5-9ea5-54734bfd3ba7/resourceGroups/az104-06-rg1/providers/Microsoft.Network/loadBalancers/az104-06-lb4",
        "resourceType": "Microsoft.Network/loadBalancers",
        "resourceName": "az104-06-lb4"
      }
    }
  },
  {
    "id": "/subscriptions/b10fbc3d-9183-45a5-9ea5-54734bfd3ba7/resourceGroups/az104-06-rg1/providers/Microsoft.Resources/deployments/Microsoft.LoadBalancer-20220625123929/operations/F0C7582365156F4D",
    "operationId": "F0C7582365156F4D",
    "properties": {
      "provisioningOperation": "Create",
      "provisioningState": "Succeeded",
      "timestamp": "2022-06-25T19:44:24.4746027Z",
      "duration": "PT7.1325209S",
      "trackingId": "807bb1ab-d663-46ad-aa29-184e120d1936",
      "statusCode": "OK",
      "targetResource": {
        "id": "/subscriptions/b10fbc3d-9183-45a5-9ea5-54734bfd3ba7/resourceGroups/az104-06-rg1/providers/Microsoft.Network/publicIpAddresses/az104-06-pip4",
        "resourceType": "Microsoft.Network/publicIpAddresses",
        "resourceName": "az104-06-pip4"
      }
    }
  }
]