{
    "$schema": "https://schema.management.azure.com/schemas/2019-04-01/deploymentTemplate.json#",
    "contentVersion": "1.0.0.0",
    "parameters": {
        "disks_az104_05_vm1_disk1_dc3cb59588184579b451c1777d9832ca_name": {
            "defaultValue": "az104-05-vm1_disk1_dc3cb59588184579b451c1777d9832ca",
            "type": "String"
        }
    },
    "variables": {},
    "resources": [
        {
            "type": "Microsoft.Compute/disks",
            "apiVersion": "2021-12-01",
            "name": "[parameters('disks_az104_05_vm1_disk1_dc3cb59588184579b451c1777d9832ca_name')]",
            "location": "eastus",
            "sku": {
                "name": "Premium_LRS",
                "tier": "Premium"
            },
            "properties": {
                "osType": "Windows",
                "hyperVGeneration": "V1",
                "supportsHibernation": false,
                "supportedCapabilities": {
                    "acceleratedNetwork": true,
                    "architecture": "x64"
                },
                "creationData": {
                    "createOption": "FromImage",
                    "imageReference": {
                        "id": "/Subscriptions/a020f716-3c60-4c98-af34-26ed4a69d3ce/Providers/Microsoft.Compute/Locations/eastus/Publishers/microsoftwindowsserver/ArtifactTypes/VMImage/Offers/windowsserver/Skus/2019-datacenter/Versions/17763.3132.220610"
                    }
                },
                "diskSizeGB": 127,
                "diskIOPSReadWrite": 500,
                "diskMBpsReadWrite": 100,
                "encryption": {
                    "type": "EncryptionAtRestWithPlatformKey"
                },
                "networkAccessPolicy": "AllowAll",
                "publicNetworkAccess": "Enabled",
                "diskState": "Attached",
                "tier": "P10"
            }
        }
    ]
}