{
    "$schema": "https://schema.management.azure.com/schemas/2015-01-01/deploymentParameters.json#",
    "contentVersion": "1.0.0.0",
    "parameters": {
        "location": {
            "value": "eastus"
        },
        "networkInterfaceName1": {
            "value": "az104-08-vm0330_z1"
        },
        "enableAcceleratedNetworking": {
            "value": true
        },
        "networkSecurityGroupName": {
            "value": "az104-08-vm0-nsg"
        },
        "networkSecurityGroupRules": {
            "value": []
        },
        "subnetName": {
            "value": "subnet0"
        },
        "virtualNetworkName": {
            "value": "az104-08-rg1-vnet"
        },
        "addressPrefixes": {
            "value": [
                "10.80.0.0/20"
            ]
        },
        "subnets": {
            "value": [
                {
                    "name": "subnet0",
                    "properties": {
                        "addressPrefix": "10.80.0.0/24"
                    }
                }
            ]
        },
        "publicIpAddressName1": {
            "value": "az104-08-vm0-ip"
        },
        "publicIpAddressType": {
            "value": "Static"
        },
        "publicIpAddressSku": {
            "value": "Standard"
        },
        "pipDeleteOption": {
            "value": "Detach"
        },
        "virtualMachineName": {
            "value": "az104-08-vm0"
        },
        "virtualMachineName1": {
            "value": "az104-08-vm0"
        },
        "virtualMachineComputerName1": {
            "value": "az104-08-vm0"
        },
        "virtualMachineRG": {
            "value": "az104-08-rg1"
        },
        "osDiskType": {
            "value": "Premium_LRS"
        },
        "osDiskDeleteOption": {
            "value": "Delete"
        },
        "virtualMachineSize": {
            "value": "Standard_D2s_v3"
        },
        "nicDeleteOption": {
            "value": "Detach"
        },
        "adminUsername": {
            "value": "Student"
        },
        "adminPassword": {
            "value": null
        },
        "patchMode": {
            "value": "AutomaticByOS"
        },
        "enableHotpatching": {
            "value": false
        },
        "zone": {
            "value": "1"
        }
    }
}