{
    "$schema": "https://schema.management.azure.com/schemas/2019-04-01/deploymentTemplate.json#",
    "contentVersion": "1.0.0.0",
    "parameters": {
        "virtualMachines_az104_05_vm1_name": {
            "defaultValue": "az104-05-vm1",
            "type": "String"
        },
        "disks_az104_05_vm1_disk1_dc3cb59588184579b451c1777d9832ca_externalid": {
            "defaultValue": "/subscriptions/b10fbc3d-9183-45a5-9ea5-54734bfd3ba7/resourceGroups/az104-05-rg1/providers/Microsoft.Compute/disks/az104-05-vm1_disk1_dc3cb59588184579b451c1777d9832ca",
            "type": "String"
        },
        "networkInterfaces_az104_05_nic1_externalid": {
            "defaultValue": "/subscriptions/b10fbc3d-9183-45a5-9ea5-54734bfd3ba7/resourceGroups/az104-05-rg1/providers/Microsoft.Network/networkInterfaces/az104-05-nic1",
            "type": "String"
        }
    },
    "variables": {},
    "resources": [
        {
            "type": "Microsoft.Compute/virtualMachines",
            "apiVersion": "2022-03-01",
            "name": "[parameters('virtualMachines_az104_05_vm1_name')]",
            "location": "eastus",
            "properties": {
                "hardwareProfile": {
                    "vmSize": "Standard_D2s_v3"
                },
                "storageProfile": {
                    "imageReference": {
                        "publisher": "MicrosoftWindowsServer",
                        "offer": "WindowsServer",
                        "sku": "2019-Datacenter",
                        "version": "latest"
                    },
                    "osDisk": {
                        "osType": "Windows",
                        "name": "[concat(parameters('virtualMachines_az104_05_vm1_name'), '_disk1_dc3cb59588184579b451c1777d9832ca')]",
                        "createOption": "FromImage",
                        "caching": "ReadWrite",
                        "managedDisk": {
                            "storageAccountType": "Premium_LRS",
                            "id": "[parameters('disks_az104_05_vm1_disk1_dc3cb59588184579b451c1777d9832ca_externalid')]"
                        },
                        "deleteOption": "Detach",
                        "diskSizeGB": 127
                    },
                    "dataDisks": []
                },
                "osProfile": {
                    "computerName": "[parameters('virtualMachines_az104_05_vm1_name')]",
                    "adminUsername": "Student",
                    "windowsConfiguration": {
                        "provisionVMAgent": true,
                        "enableAutomaticUpdates": true,
                        "patchSettings": {
                            "patchMode": "AutomaticByOS",
                            "assessmentMode": "ImageDefault"
                        }
                    },
                    "secrets": [],
                    "allowExtensionOperations": true
                },
                "networkProfile": {
                    "networkInterfaces": [
                        {
                            "id": "[parameters('networkInterfaces_az104_05_nic1_externalid')]",
                            "properties": {
                                "primary": true
                            }
                        }
                    ]
                }
            }
        }
    ]
}