{
    "$schema": "https://schema.management.azure.com/schemas/2019-04-01/deploymentTemplate.json#",
    "contentVersion": "1.0.0.0",
    "parameters": {
        "routeTables_az104_06_rt23_name": {
            "defaultValue": "az104-06-rt23",
            "type": "String"
        },
        "routeTables_az104_06_rt32_name": {
            "defaultValue": "az104-06-rt32",
            "type": "String"
        },
        "loadBalancers_az104_06_lb4_name": {
            "defaultValue": "az104-06-lb4",
            "type": "String"
        },
        "virtualMachines_az104_06_vm0_name": {
            "defaultValue": "az104-06-vm0",
            "type": "String"
        },
        "virtualMachines_az104_06_vm1_name": {
            "defaultValue": "az104-06-vm1",
            "type": "String"
        },
        "virtualMachines_az104_06_vm2_name": {
            "defaultValue": "az104-06-vm2",
            "type": "String"
        },
        "virtualMachines_az104_06_vm3_name": {
            "defaultValue": "az104-06-vm3",
            "type": "String"
        },
        "virtualNetworks_az104_06_vnet2_name": {
            "defaultValue": "az104-06-vnet2",
            "type": "String"
        },
        "virtualNetworks_az104_06_vnet3_name": {
            "defaultValue": "az104-06-vnet3",
            "type": "String"
        },
        "networkInterfaces_az104_06_nic0_name": {
            "defaultValue": "az104-06-nic0",
            "type": "String"
        },
        "networkInterfaces_az104_06_nic1_name": {
            "defaultValue": "az104-06-nic1",
            "type": "String"
        },
        "networkInterfaces_az104_06_nic2_name": {
            "defaultValue": "az104-06-nic2",
            "type": "String"
        },
        "networkInterfaces_az104_06_nic3_name": {
            "defaultValue": "az104-06-nic3",
            "type": "String"
        },
        "publicIPAddresses_az104_06_pip4_name": {
            "defaultValue": "az104-06-pip4",
            "type": "String"
        },
        "publicIPAddresses_az104_06_pip5_name": {
            "defaultValue": "az104-06-pip5",
            "type": "String"
        },
        "virtualNetworks_az104_06_vnet01_name": {
            "defaultValue": "az104-06-vnet01",
            "type": "String"
        },
        "applicationGateways_az104_06_appgw5_name": {
            "defaultValue": "az104-06-appgw5",
            "type": "String"
        },
        "networkSecurityGroups_az104_06_nsg2_name": {
            "defaultValue": "az104-06-nsg2",
            "type": "String"
        },
        "networkSecurityGroups_az104_06_nsg3_name": {
            "defaultValue": "az104-06-nsg3",
            "type": "String"
        },
        "networkSecurityGroups_az104_06_nsg01_name": {
            "defaultValue": "az104-06-nsg01",
            "type": "String"
        }
    },
    "variables": {},
    "resources": [
        {
            "type": "Microsoft.Network/networkSecurityGroups",
            "apiVersion": "2020-11-01",
            "name": "[parameters('networkSecurityGroups_az104_06_nsg01_name')]",
            "location": "eastus",
            "properties": {
                "securityRules": [
                    {
                        "name": "default-allow-rdp",
                        "properties": {
                            "protocol": "Tcp",
                            "sourcePortRange": "*",
                            "destinationPortRange": "3389",
                            "sourceAddressPrefix": "*",
                            "destinationAddressPrefix": "*",
                            "access": "Allow",
                            "priority": 1000,
                            "direction": "Inbound",
                            "sourcePortRanges": [],
                            "destinationPortRanges": [],
                            "sourceAddressPrefixes": [],
                            "destinationAddressPrefixes": []
                        }
                    },
                    {
                        "name": "default-allow-http",
                        "properties": {
                            "protocol": "Tcp",
                            "sourcePortRange": "*",
                            "destinationPortRange": "80",
                            "sourceAddressPrefix": "*",
                            "destinationAddressPrefix": "*",
                            "access": "Allow",
                            "priority": 1100,
                            "direction": "Inbound",
                            "sourcePortRanges": [],
                            "destinationPortRanges": [],
                            "sourceAddressPrefixes": [],
                            "destinationAddressPrefixes": []
                        }
                    }
                ]
            }
        },
        {
            "type": "Microsoft.Network/networkSecurityGroups",
            "apiVersion": "2020-11-01",
            "name": "[parameters('networkSecurityGroups_az104_06_nsg2_name')]",
            "location": "eastus",
            "properties": {
                "securityRules": [
                    {
                        "name": "default-allow-rdp",
                        "properties": {
                            "protocol": "Tcp",
                            "sourcePortRange": "*",
                            "destinationPortRange": "3389",
                            "sourceAddressPrefix": "*",
                            "destinationAddressPrefix": "*",
                            "access": "Allow",
                            "priority": 1000,
                            "direction": "Inbound",
                            "sourcePortRanges": [],
                            "destinationPortRanges": [],
                            "sourceAddressPrefixes": [],
                            "destinationAddressPrefixes": []
                        }
                    },
                    {
                        "name": "default-allow-http",
                        "properties": {
                            "protocol": "Tcp",
                            "sourcePortRange": "*",
                            "destinationPortRange": "80",
                            "sourceAddressPrefix": "*",
                            "destinationAddressPrefix": "*",
                            "access": "Allow",
                            "priority": 1100,
                            "direction": "Inbound",
                            "sourcePortRanges": [],
                            "destinationPortRanges": [],
                            "sourceAddressPrefixes": [],
                            "destinationAddressPrefixes": []
                        }
                    }
                ]
            }
        },
        {
            "type": "Microsoft.Network/networkSecurityGroups",
            "apiVersion": "2020-11-01",
            "name": "[parameters('networkSecurityGroups_az104_06_nsg3_name')]",
            "location": "eastus",
            "properties": {
                "securityRules": [
                    {
                        "name": "default-allow-rdp",
                        "properties": {
                            "protocol": "Tcp",
                            "sourcePortRange": "*",
                            "destinationPortRange": "3389",
                            "sourceAddressPrefix": "*",
                            "destinationAddressPrefix": "*",
                            "access": "Allow",
                            "priority": 1000,
                            "direction": "Inbound",
                            "sourcePortRanges": [],
                            "destinationPortRanges": [],
                            "sourceAddressPrefixes": [],
                            "destinationAddressPrefixes": []
                        }
                    },
                    {
                        "name": "default-allow-http",
                        "properties": {
                            "protocol": "Tcp",
                            "sourcePortRange": "*",
                            "destinationPortRange": "80",
                            "sourceAddressPrefix": "*",
                            "destinationAddressPrefix": "*",
                            "access": "Allow",
                            "priority": 1100,
                            "direction": "Inbound",
                            "sourcePortRanges": [],
                            "destinationPortRanges": [],
                            "sourceAddressPrefixes": [],
                            "destinationAddressPrefixes": []
                        }
                    }
                ]
            }
        },
        {
            "type": "Microsoft.Network/publicIPAddresses",
            "apiVersion": "2020-11-01",
            "name": "[parameters('publicIPAddresses_az104_06_pip4_name')]",
            "location": "eastus",
            "sku": {
                "name": "Standard",
                "tier": "Regional"
            },
            "zones": [
                "1",
                "3",
                "2"
            ],
            "properties": {
                "ipAddress": "20.241.217.27",
                "publicIPAddressVersion": "IPv4",
                "publicIPAllocationMethod": "Static",
                "idleTimeoutInMinutes": 4,
                "ipTags": []
            }
        },
        {
            "type": "Microsoft.Network/publicIPAddresses",
            "apiVersion": "2020-11-01",
            "name": "[parameters('publicIPAddresses_az104_06_pip5_name')]",
            "location": "eastus",
            "sku": {
                "name": "Standard",
                "tier": "Regional"
            },
            "properties": {
                "ipAddress": "20.231.90.26",
                "publicIPAddressVersion": "IPv4",
                "publicIPAllocationMethod": "Static",
                "idleTimeoutInMinutes": 4,
                "ipTags": []
            }
        },
        {
            "type": "Microsoft.Network/routeTables",
            "apiVersion": "2020-11-01",
            "name": "[parameters('routeTables_az104_06_rt23_name')]",
            "location": "eastus",
            "properties": {
                "disableBgpRoutePropagation": true,
                "routes": [
                    {
                        "name": "az104-06-route-vnet2-to-vnet3",
                        "properties": {
                            "addressPrefix": "10.63.0.0/20",
                            "nextHopType": "VirtualAppliance",
                            "nextHopIpAddress": "10.60.0.4",
                            "hasBgpOverride": false
                        }
                    }
                ]
            }
        },
        {
            "type": "Microsoft.Network/routeTables",
            "apiVersion": "2020-11-01",
            "name": "[parameters('routeTables_az104_06_rt32_name')]",
            "location": "eastus",
            "properties": {
                "disableBgpRoutePropagation": true,
                "routes": [
                    {
                        "name": "az104-06-route-vnet3-to-vnet2",
                        "properties": {
                            "addressPrefix": "10.62.0.0/20",
                            "nextHopType": "VirtualAppliance",
                            "nextHopIpAddress": "10.60.0.4",
                            "hasBgpOverride": false
                        }
                    }
                ]
            }
        },
        {
            "type": "Microsoft.Compute/virtualMachines",
            "apiVersion": "2022-03-01",
            "name": "[parameters('virtualMachines_az104_06_vm0_name')]",
            "location": "eastus",
            "dependsOn": [
                "[resourceId('Microsoft.Network/networkInterfaces', parameters('networkInterfaces_az104_06_nic0_name'))]"
            ],
            "properties": {
                "hardwareProfile": {
                    "vmSize": "Standard_D2s_v3"
                },
                "storageProfile": {
                    "imageReference": {
                        "publisher": "MicrosoftWindowsServer",
                        "offer": "WindowsServer",
                        "sku": "2019-Datacenter",
                        "version": "latest"
                    },
                    "osDisk": {
                        "osType": "Windows",
                        "name": "[concat(parameters('virtualMachines_az104_06_vm0_name'), '_disk1_fe7b70c036b1455fba4a8fb7bfc7b13c')]",
                        "createOption": "FromImage",
                        "caching": "ReadWrite",
                        "managedDisk": {
                            "storageAccountType": "Premium_LRS",
                            "id": "[resourceId('Microsoft.Compute/disks', concat(parameters('virtualMachines_az104_06_vm0_name'), '_disk1_fe7b70c036b1455fba4a8fb7bfc7b13c'))]"
                        },
                        "deleteOption": "Detach",
                        "diskSizeGB": 127
                    },
                    "dataDisks": []
                },
                "osProfile": {
                    "computerName": "[parameters('virtualMachines_az104_06_vm0_name')]",
                    "adminUsername": "Student",
                    "windowsConfiguration": {
                        "provisionVMAgent": true,
                        "enableAutomaticUpdates": true,
                        "patchSettings": {
                            "patchMode": "AutomaticByOS",
                            "assessmentMode": "ImageDefault"
                        }
                    },
                    "secrets": [],
                    "allowExtensionOperations": true
                },
                "networkProfile": {
                    "networkInterfaces": [
                        {
                            "id": "[resourceId('Microsoft.Network/networkInterfaces', parameters('networkInterfaces_az104_06_nic0_name'))]",
                            "properties": {
                                "primary": true
                            }
                        }
                    ]
                }
            }
        },
        {
            "type": "Microsoft.Compute/virtualMachines",
            "apiVersion": "2022-03-01",
            "name": "[parameters('virtualMachines_az104_06_vm1_name')]",
            "location": "eastus",
            "dependsOn": [
                "[resourceId('Microsoft.Network/networkInterfaces', parameters('networkInterfaces_az104_06_nic1_name'))]"
            ],
            "properties": {
                "hardwareProfile": {
                    "vmSize": "Standard_D2s_v3"
                },
                "storageProfile": {
                    "imageReference": {
                        "publisher": "MicrosoftWindowsServer",
                        "offer": "WindowsServer",
                        "sku": "2019-Datacenter",
                        "version": "latest"
                    },
                    "osDisk": {
                        "osType": "Windows",
                        "name": "[concat(parameters('virtualMachines_az104_06_vm1_name'), '_disk1_2d5adde6f2dd485b9bed55cabc1326d5')]",
                        "createOption": "FromImage",
                        "caching": "ReadWrite",
                        "managedDisk": {
                            "storageAccountType": "Premium_LRS",
                            "id": "[resourceId('Microsoft.Compute/disks', concat(parameters('virtualMachines_az104_06_vm1_name'), '_disk1_2d5adde6f2dd485b9bed55cabc1326d5'))]"
                        },
                        "deleteOption": "Detach",
                        "diskSizeGB": 127
                    },
                    "dataDisks": []
                },
                "osProfile": {
                    "computerName": "[parameters('virtualMachines_az104_06_vm1_name')]",
                    "adminUsername": "Student",
                    "windowsConfiguration": {
                        "provisionVMAgent": true,
                        "enableAutomaticUpdates": true,
                        "patchSettings": {
                            "patchMode": "AutomaticByOS",
                            "assessmentMode": "ImageDefault"
                        }
                    },
                    "secrets": [],
                    "allowExtensionOperations": true
                },
                "networkProfile": {
                    "networkInterfaces": [
                        {
                            "id": "[resourceId('Microsoft.Network/networkInterfaces', parameters('networkInterfaces_az104_06_nic1_name'))]",
                            "properties": {
                                "primary": true
                            }
                        }
                    ]
                }
            }
        },
        {
            "type": "Microsoft.Compute/virtualMachines",
            "apiVersion": "2022-03-01",
            "name": "[parameters('virtualMachines_az104_06_vm2_name')]",
            "location": "eastus",
            "dependsOn": [
                "[resourceId('Microsoft.Network/networkInterfaces', parameters('networkInterfaces_az104_06_nic2_name'))]"
            ],
            "properties": {
                "hardwareProfile": {
                    "vmSize": "Standard_D2s_v3"
                },
                "storageProfile": {
                    "imageReference": {
                        "publisher": "MicrosoftWindowsServer",
                        "offer": "WindowsServer",
                        "sku": "2019-Datacenter",
                        "version": "latest"
                    },
                    "osDisk": {
                        "osType": "Windows",
                        "name": "[concat(parameters('virtualMachines_az104_06_vm2_name'), '_disk1_655fd4958e4a44258fdc989efab5c828')]",
                        "createOption": "FromImage",
                        "caching": "ReadWrite",
                        "managedDisk": {
                            "storageAccountType": "Premium_LRS",
                            "id": "[resourceId('Microsoft.Compute/disks', concat(parameters('virtualMachines_az104_06_vm2_name'), '_disk1_655fd4958e4a44258fdc989efab5c828'))]"
                        },
                        "deleteOption": "Detach",
                        "diskSizeGB": 127
                    },
                    "dataDisks": []
                },
                "osProfile": {
                    "computerName": "[parameters('virtualMachines_az104_06_vm2_name')]",
                    "adminUsername": "Student",
                    "windowsConfiguration": {
                        "provisionVMAgent": true,
                        "enableAutomaticUpdates": true,
                        "patchSettings": {
                            "patchMode": "AutomaticByOS",
                            "assessmentMode": "ImageDefault"
                        }
                    },
                    "secrets": [],
                    "allowExtensionOperations": true
                },
                "networkProfile": {
                    "networkInterfaces": [
                        {
                            "id": "[resourceId('Microsoft.Network/networkInterfaces', parameters('networkInterfaces_az104_06_nic2_name'))]",
                            "properties": {
                                "primary": true
                            }
                        }
                    ]
                }
            }
        },
        {
            "type": "Microsoft.Compute/virtualMachines",
            "apiVersion": "2022-03-01",
            "name": "[parameters('virtualMachines_az104_06_vm3_name')]",
            "location": "eastus",
            "dependsOn": [
                "[resourceId('Microsoft.Network/networkInterfaces', parameters('networkInterfaces_az104_06_nic3_name'))]"
            ],
            "properties": {
                "hardwareProfile": {
                    "vmSize": "Standard_D2s_v3"
                },
                "storageProfile": {
                    "imageReference": {
                        "publisher": "MicrosoftWindowsServer",
                        "offer": "WindowsServer",
                        "sku": "2019-Datacenter",
                        "version": "latest"
                    },
                    "osDisk": {
                        "osType": "Windows",
                        "name": "[concat(parameters('virtualMachines_az104_06_vm3_name'), '_disk1_79a25eb73f5e4521adf1ee54af339485')]",
                        "createOption": "FromImage",
                        "caching": "ReadWrite",
                        "managedDisk": {
                            "storageAccountType": "Premium_LRS",
                            "id": "[resourceId('Microsoft.Compute/disks', concat(parameters('virtualMachines_az104_06_vm3_name'), '_disk1_79a25eb73f5e4521adf1ee54af339485'))]"
                        },
                        "deleteOption": "Detach",
                        "diskSizeGB": 127
                    },
                    "dataDisks": []
                },
                "osProfile": {
                    "computerName": "[parameters('virtualMachines_az104_06_vm3_name')]",
                    "adminUsername": "Student",
                    "windowsConfiguration": {
                        "provisionVMAgent": true,
                        "enableAutomaticUpdates": true,
                        "patchSettings": {
                            "patchMode": "AutomaticByOS",
                            "assessmentMode": "ImageDefault"
                        }
                    },
                    "secrets": [],
                    "allowExtensionOperations": true
                },
                "networkProfile": {
                    "networkInterfaces": [
                        {
                            "id": "[resourceId('Microsoft.Network/networkInterfaces', parameters('networkInterfaces_az104_06_nic3_name'))]",
                            "properties": {
                                "primary": true
                            }
                        }
                    ]
                }
            }
        },
        {
            "type": "Microsoft.Compute/virtualMachines/extensions",
            "apiVersion": "2022-03-01",
            "name": "[concat(parameters('virtualMachines_az104_06_vm0_name'), '/customScriptExtension')]",
            "location": "eastus",
            "dependsOn": [
                "[resourceId('Microsoft.Compute/virtualMachines', parameters('virtualMachines_az104_06_vm0_name'))]"
            ],
            "properties": {
                "autoUpgradeMinorVersion": true,
                "publisher": "Microsoft.Compute",
                "type": "CustomScriptExtension",
                "typeHandlerVersion": "1.7",
                "settings": {
                    "commandToExecute": "powershell.exe Install-WindowsFeature -name Web-Server -IncludeManagementTools && powershell.exe remove-item 'C:\\inetpub\\wwwroot\\iisstart.htm' && powershell.exe Add-Content -Path 'C:\\inetpub\\wwwroot\\iisstart.htm' -Value $('Hello World from ' + $env:computername)"
                },
                "protectedSettings": {}
            }
        },
        {
            "type": "Microsoft.Compute/virtualMachines/extensions",
            "apiVersion": "2022-03-01",
            "name": "[concat(parameters('virtualMachines_az104_06_vm1_name'), '/customScriptExtension')]",
            "location": "eastus",
            "dependsOn": [
                "[resourceId('Microsoft.Compute/virtualMachines', parameters('virtualMachines_az104_06_vm1_name'))]"
            ],
            "properties": {
                "autoUpgradeMinorVersion": true,
                "publisher": "Microsoft.Compute",
                "type": "CustomScriptExtension",
                "typeHandlerVersion": "1.7",
                "settings": {
                    "commandToExecute": "powershell.exe Install-WindowsFeature -name Web-Server -IncludeManagementTools && powershell.exe remove-item 'C:\\inetpub\\wwwroot\\iisstart.htm' && powershell.exe Add-Content -Path 'C:\\inetpub\\wwwroot\\iisstart.htm' -Value $('Hello World from ' + $env:computername)"
                },
                "protectedSettings": {}
            }
        },
        {
            "type": "Microsoft.Compute/virtualMachines/extensions",
            "apiVersion": "2022-03-01",
            "name": "[concat(parameters('virtualMachines_az104_06_vm2_name'), '/customScriptExtension')]",
            "location": "eastus",
            "dependsOn": [
                "[resourceId('Microsoft.Compute/virtualMachines', parameters('virtualMachines_az104_06_vm2_name'))]"
            ],
            "properties": {
                "autoUpgradeMinorVersion": true,
                "publisher": "Microsoft.Compute",
                "type": "CustomScriptExtension",
                "typeHandlerVersion": "1.7",
                "settings": {
                    "commandToExecute": "powershell.exe Install-WindowsFeature -name Web-Server -IncludeManagementTools && powershell.exe remove-item 'C:\\inetpub\\wwwroot\\iisstart.htm' && powershell.exe Add-Content -Path 'C:\\inetpub\\wwwroot\\iisstart.htm' -Value $('Hello World from ' + $env:computername)"
                },
                "protectedSettings": {}
            }
        },
        {
            "type": "Microsoft.Compute/virtualMachines/extensions",
            "apiVersion": "2022-03-01",
            "name": "[concat(parameters('virtualMachines_az104_06_vm3_name'), '/customScriptExtension')]",
            "location": "eastus",
            "dependsOn": [
                "[resourceId('Microsoft.Compute/virtualMachines', parameters('virtualMachines_az104_06_vm3_name'))]"
            ],
            "properties": {
                "autoUpgradeMinorVersion": true,
                "publisher": "Microsoft.Compute",
                "type": "CustomScriptExtension",
                "typeHandlerVersion": "1.7",
                "settings": {
                    "commandToExecute": "powershell.exe Install-WindowsFeature -name Web-Server -IncludeManagementTools && powershell.exe remove-item 'C:\\inetpub\\wwwroot\\iisstart.htm' && powershell.exe Add-Content -Path 'C:\\inetpub\\wwwroot\\iisstart.htm' -Value $('Hello World from ' + $env:computername)"
                },
                "protectedSettings": {}
            }
        },
        {
            "type": "Microsoft.Compute/virtualMachines/extensions",
            "apiVersion": "2022-03-01",
            "name": "[concat(parameters('virtualMachines_az104_06_vm0_name'), '/networkWatcherAgent')]",
            "location": "eastus",
            "dependsOn": [
                "[resourceId('Microsoft.Compute/virtualMachines', parameters('virtualMachines_az104_06_vm0_name'))]"
            ],
            "properties": {
                "autoUpgradeMinorVersion": true,
                "publisher": "Microsoft.Azure.NetworkWatcher",
                "type": "NetworkWatcherAgentWindows",
                "typeHandlerVersion": "1.4"
            }
        },
        {
            "type": "Microsoft.Compute/virtualMachines/extensions",
            "apiVersion": "2022-03-01",
            "name": "[concat(parameters('virtualMachines_az104_06_vm1_name'), '/networkWatcherAgent')]",
            "location": "eastus",
            "dependsOn": [
                "[resourceId('Microsoft.Compute/virtualMachines', parameters('virtualMachines_az104_06_vm1_name'))]"
            ],
            "properties": {
                "autoUpgradeMinorVersion": true,
                "publisher": "Microsoft.Azure.NetworkWatcher",
                "type": "NetworkWatcherAgentWindows",
                "typeHandlerVersion": "1.4"
            }
        },
        {
            "type": "Microsoft.Compute/virtualMachines/extensions",
            "apiVersion": "2022-03-01",
            "name": "[concat(parameters('virtualMachines_az104_06_vm2_name'), '/networkWatcherAgent')]",
            "location": "eastus",
            "dependsOn": [
                "[resourceId('Microsoft.Compute/virtualMachines', parameters('virtualMachines_az104_06_vm2_name'))]"
            ],
            "properties": {
                "autoUpgradeMinorVersion": true,
                "publisher": "Microsoft.Azure.NetworkWatcher",
                "type": "NetworkWatcherAgentWindows",
                "typeHandlerVersion": "1.4"
            }
        },
        {
            "type": "Microsoft.Compute/virtualMachines/extensions",
            "apiVersion": "2022-03-01",
            "name": "[concat(parameters('virtualMachines_az104_06_vm3_name'), '/networkWatcherAgent')]",
            "location": "eastus",
            "dependsOn": [
                "[resourceId('Microsoft.Compute/virtualMachines', parameters('virtualMachines_az104_06_vm3_name'))]"
            ],
            "properties": {
                "autoUpgradeMinorVersion": true,
                "publisher": "Microsoft.Azure.NetworkWatcher",
                "type": "NetworkWatcherAgentWindows",
                "typeHandlerVersion": "1.4"
            }
        },
        {
            "type": "Microsoft.Network/loadBalancers/backendAddressPools",
            "apiVersion": "2020-11-01",
            "name": "[concat(parameters('loadBalancers_az104_06_lb4_name'), '/', parameters('loadBalancers_az104_06_lb4_name'), '-be1')]",
            "dependsOn": [
                "[resourceId('Microsoft.Network/loadBalancers', parameters('loadBalancers_az104_06_lb4_name'))]"
            ],
            "properties": {
                "loadBalancerBackendAddresses": [
                    {
                        "name": "az104-06-rg1_az104-06-nic0ipconfig1",
                        "properties": {}
                    },
                    {
                        "name": "az104-06-rg1_az104-06-nic1ipconfig1",
                        "properties": {}
                    }
                ]
            }
        },
        {
            "type": "Microsoft.Network/networkSecurityGroups/securityRules",
            "apiVersion": "2020-11-01",
            "name": "[concat(parameters('networkSecurityGroups_az104_06_nsg01_name'), '/default-allow-http')]",
            "dependsOn": [
                "[resourceId('Microsoft.Network/networkSecurityGroups', parameters('networkSecurityGroups_az104_06_nsg01_name'))]"
            ],
            "properties": {
                "protocol": "Tcp",
                "sourcePortRange": "*",
                "destinationPortRange": "80",
                "sourceAddressPrefix": "*",
                "destinationAddressPrefix": "*",
                "access": "Allow",
                "priority": 1100,
                "direction": "Inbound",
                "sourcePortRanges": [],
                "destinationPortRanges": [],
                "sourceAddressPrefixes": [],
                "destinationAddressPrefixes": []
            }
        },
        {
            "type": "Microsoft.Network/networkSecurityGroups/securityRules",
            "apiVersion": "2020-11-01",
            "name": "[concat(parameters('networkSecurityGroups_az104_06_nsg2_name'), '/default-allow-http')]",
            "dependsOn": [
                "[resourceId('Microsoft.Network/networkSecurityGroups', parameters('networkSecurityGroups_az104_06_nsg2_name'))]"
            ],
            "properties": {
                "protocol": "Tcp",
                "sourcePortRange": "*",
                "destinationPortRange": "80",
                "sourceAddressPrefix": "*",
                "destinationAddressPrefix": "*",
                "access": "Allow",
                "priority": 1100,
                "direction": "Inbound",
                "sourcePortRanges": [],
                "destinationPortRanges": [],
                "sourceAddressPrefixes": [],
                "destinationAddressPrefixes": []
            }
        },
        {
            "type": "Microsoft.Network/networkSecurityGroups/securityRules",
            "apiVersion": "2020-11-01",
            "name": "[concat(parameters('networkSecurityGroups_az104_06_nsg3_name'), '/default-allow-http')]",
            "dependsOn": [
                "[resourceId('Microsoft.Network/networkSecurityGroups', parameters('networkSecurityGroups_az104_06_nsg3_name'))]"
            ],
            "properties": {
                "protocol": "Tcp",
                "sourcePortRange": "*",
                "destinationPortRange": "80",
                "sourceAddressPrefix": "*",
                "destinationAddressPrefix": "*",
                "access": "Allow",
                "priority": 1100,
                "direction": "Inbound",
                "sourcePortRanges": [],
                "destinationPortRanges": [],
                "sourceAddressPrefixes": [],
                "destinationAddressPrefixes": []
            }
        },
        {
            "type": "Microsoft.Network/networkSecurityGroups/securityRules",
            "apiVersion": "2020-11-01",
            "name": "[concat(parameters('networkSecurityGroups_az104_06_nsg01_name'), '/default-allow-rdp')]",
            "dependsOn": [
                "[resourceId('Microsoft.Network/networkSecurityGroups', parameters('networkSecurityGroups_az104_06_nsg01_name'))]"
            ],
            "properties": {
                "protocol": "Tcp",
                "sourcePortRange": "*",
                "destinationPortRange": "3389",
                "sourceAddressPrefix": "*",
                "destinationAddressPrefix": "*",
                "access": "Allow",
                "priority": 1000,
                "direction": "Inbound",
                "sourcePortRanges": [],
                "destinationPortRanges": [],
                "sourceAddressPrefixes": [],
                "destinationAddressPrefixes": []
            }
        },
        {
            "type": "Microsoft.Network/networkSecurityGroups/securityRules",
            "apiVersion": "2020-11-01",
            "name": "[concat(parameters('networkSecurityGroups_az104_06_nsg2_name'), '/default-allow-rdp')]",
            "dependsOn": [
                "[resourceId('Microsoft.Network/networkSecurityGroups', parameters('networkSecurityGroups_az104_06_nsg2_name'))]"
            ],
            "properties": {
                "protocol": "Tcp",
                "sourcePortRange": "*",
                "destinationPortRange": "3389",
                "sourceAddressPrefix": "*",
                "destinationAddressPrefix": "*",
                "access": "Allow",
                "priority": 1000,
                "direction": "Inbound",
                "sourcePortRanges": [],
                "destinationPortRanges": [],
                "sourceAddressPrefixes": [],
                "destinationAddressPrefixes": []
            }
        },
        {
            "type": "Microsoft.Network/networkSecurityGroups/securityRules",
            "apiVersion": "2020-11-01",
            "name": "[concat(parameters('networkSecurityGroups_az104_06_nsg3_name'), '/default-allow-rdp')]",
            "dependsOn": [
                "[resourceId('Microsoft.Network/networkSecurityGroups', parameters('networkSecurityGroups_az104_06_nsg3_name'))]"
            ],
            "properties": {
                "protocol": "Tcp",
                "sourcePortRange": "*",
                "destinationPortRange": "3389",
                "sourceAddressPrefix": "*",
                "destinationAddressPrefix": "*",
                "access": "Allow",
                "priority": 1000,
                "direction": "Inbound",
                "sourcePortRanges": [],
                "destinationPortRanges": [],
                "sourceAddressPrefixes": [],
                "destinationAddressPrefixes": []
            }
        },
        {
            "type": "Microsoft.Network/routeTables/routes",
            "apiVersion": "2020-11-01",
            "name": "[concat(parameters('routeTables_az104_06_rt23_name'), '/az104-06-route-vnet2-to-vnet3')]",
            "dependsOn": [
                "[resourceId('Microsoft.Network/routeTables', parameters('routeTables_az104_06_rt23_name'))]"
            ],
            "properties": {
                "addressPrefix": "10.63.0.0/20",
                "nextHopType": "VirtualAppliance",
                "nextHopIpAddress": "10.60.0.4",
                "hasBgpOverride": false
            }
        },
        {
            "type": "Microsoft.Network/routeTables/routes",
            "apiVersion": "2020-11-01",
            "name": "[concat(parameters('routeTables_az104_06_rt32_name'), '/az104-06-route-vnet3-to-vnet2')]",
            "dependsOn": [
                "[resourceId('Microsoft.Network/routeTables', parameters('routeTables_az104_06_rt32_name'))]"
            ],
            "properties": {
                "addressPrefix": "10.62.0.0/20",
                "nextHopType": "VirtualAppliance",
                "nextHopIpAddress": "10.60.0.4",
                "hasBgpOverride": false
            }
        },
        {
            "type": "Microsoft.Network/virtualNetworks/subnets",
            "apiVersion": "2020-11-01",
            "name": "[concat(parameters('virtualNetworks_az104_06_vnet01_name'), '/subnet0')]",
            "dependsOn": [
                "[resourceId('Microsoft.Network/virtualNetworks', parameters('virtualNetworks_az104_06_vnet01_name'))]"
            ],
            "properties": {
                "addressPrefix": "10.60.0.0/24",
                "delegations": [],
                "privateEndpointNetworkPolicies": "Enabled",
                "privateLinkServiceNetworkPolicies": "Enabled"
            }
        },
        {
            "type": "Microsoft.Network/virtualNetworks/subnets",
            "apiVersion": "2020-11-01",
            "name": "[concat(parameters('virtualNetworks_az104_06_vnet01_name'), '/subnet1')]",
            "dependsOn": [
                "[resourceId('Microsoft.Network/virtualNetworks', parameters('virtualNetworks_az104_06_vnet01_name'))]"
            ],
            "properties": {
                "addressPrefix": "10.60.1.0/24",
                "delegations": [],
                "privateEndpointNetworkPolicies": "Enabled",
                "privateLinkServiceNetworkPolicies": "Enabled"
            }
        },
        {
            "type": "Microsoft.Network/virtualNetworks/subnets",
            "apiVersion": "2020-11-01",
            "name": "[concat(parameters('virtualNetworks_az104_06_vnet01_name'), '/subnet-appgw')]",
            "dependsOn": [
                "[resourceId('Microsoft.Network/virtualNetworks', parameters('virtualNetworks_az104_06_vnet01_name'))]"
            ],
            "properties": {
                "addressPrefix": "10.60.3.224/27",
                "serviceEndpoints": [],
                "delegations": [],
                "privateEndpointNetworkPolicies": "Disabled",
                "privateLinkServiceNetworkPolicies": "Enabled"
            }
        },
        {
            "type": "Microsoft.Network/applicationGateways",
            "apiVersion": "2020-11-01",
            "name": "[parameters('applicationGateways_az104_06_appgw5_name')]",
            "location": "eastus",
            "dependsOn": [
                "[resourceId('Microsoft.Network/virtualNetworks/subnets', parameters('virtualNetworks_az104_06_vnet01_name'), 'subnet-appgw')]",
                "[resourceId('Microsoft.Network/publicIPAddresses', parameters('publicIPAddresses_az104_06_pip5_name'))]"
            ],
            "properties": {
                "sku": {
                    "name": "Standard_v2",
                    "tier": "Standard_v2",
                    "capacity": 2
                },
                "gatewayIPConfigurations": [
                    {
                        "name": "appGatewayIpConfig",
                        "properties": {
                            "subnet": {
                                "id": "[resourceId('Microsoft.Network/virtualNetworks/subnets', parameters('virtualNetworks_az104_06_vnet01_name'), 'subnet-appgw')]"
                            }
                        }
                    }
                ],
                "sslCertificates": [],
                "trustedRootCertificates": [],
                "trustedClientCertificates": [],
                "sslProfiles": [],
                "frontendIPConfigurations": [
                    {
                        "name": "appGwPublicFrontendIp",
                        "properties": {
                            "privateIPAllocationMethod": "Dynamic",
                            "publicIPAddress": {
                                "id": "[resourceId('Microsoft.Network/publicIPAddresses', parameters('publicIPAddresses_az104_06_pip5_name'))]"
                            }
                        }
                    }
                ],
                "frontendPorts": [
                    {
                        "name": "port_80",
                        "properties": {
                            "port": 80
                        }
                    }
                ],
                "backendAddressPools": [
                    {
                        "name": "[concat(parameters('applicationGateways_az104_06_appgw5_name'), '-be1')]",
                        "properties": {
                            "backendAddresses": [
                                {
                                    "ipAddress": "10.62.0.4"
                                },
                                {
                                    "ipAddress": "10.63.0.4"
                                }
                            ]
                        }
                    }
                ],
                "backendHttpSettingsCollection": [
                    {
                        "name": "[concat(parameters('applicationGateways_az104_06_appgw5_name'), '-http1')]",
                        "properties": {
                            "port": 80,
                            "protocol": "Http",
                            "cookieBasedAffinity": "Disabled",
                            "pickHostNameFromBackendAddress": false,
                            "requestTimeout": 20
                        }
                    }
                ],
                "httpListeners": [
                    {
                        "name": "[concat(parameters('applicationGateways_az104_06_appgw5_name'), '-rl1l1')]",
                        "properties": {
                            "frontendIPConfiguration": {
                                "id": "[concat(resourceId('Microsoft.Network/applicationGateways', parameters('applicationGateways_az104_06_appgw5_name')), '/frontendIPConfigurations/appGwPublicFrontendIp')]"
                            },
                            "frontendPort": {
                                "id": "[concat(resourceId('Microsoft.Network/applicationGateways', parameters('applicationGateways_az104_06_appgw5_name')), '/frontendPorts/port_80')]"
                            },
                            "protocol": "Http",
                            "hostNames": [],
                            "requireServerNameIndication": false
                        }
                    }
                ],
                "urlPathMaps": [],
                "requestRoutingRules": [
                    {
                        "name": "[concat(parameters('applicationGateways_az104_06_appgw5_name'), '-rl1')]",
                        "properties": {
                            "ruleType": "Basic",
                            "priority": 10,
                            "httpListener": {
                                "id": "[concat(resourceId('Microsoft.Network/applicationGateways', parameters('applicationGateways_az104_06_appgw5_name')), concat('/httpListeners/', parameters('applicationGateways_az104_06_appgw5_name'), '-rl1l1'))]"
                            },
                            "backendAddressPool": {
                                "id": "[concat(resourceId('Microsoft.Network/applicationGateways', parameters('applicationGateways_az104_06_appgw5_name')), concat('/backendAddressPools/', parameters('applicationGateways_az104_06_appgw5_name'), '-be1'))]"
                            },
                            "backendHttpSettings": {
                                "id": "[concat(resourceId('Microsoft.Network/applicationGateways', parameters('applicationGateways_az104_06_appgw5_name')), concat('/backendHttpSettingsCollection/', parameters('applicationGateways_az104_06_appgw5_name'), '-http1'))]"
                            }
                        }
                    }
                ],
                "probes": [],
                "rewriteRuleSets": [],
                "redirectConfigurations": [],
                "privateLinkConfigurations": [],
                "enableHttp2": false
            }
        },
        {
            "type": "Microsoft.Network/loadBalancers",
            "apiVersion": "2020-11-01",
            "name": "[parameters('loadBalancers_az104_06_lb4_name')]",
            "location": "eastus",
            "dependsOn": [
                "[resourceId('Microsoft.Network/publicIPAddresses', parameters('publicIPAddresses_az104_06_pip4_name'))]",
                "[resourceId('Microsoft.Network/loadBalancers/backendAddressPools', parameters('loadBalancers_az104_06_lb4_name'), concat(parameters('loadBalancers_az104_06_lb4_name'), '-be1'))]"
            ],
            "sku": {
                "name": "Standard",
                "tier": "Regional"
            },
            "properties": {
                "frontendIPConfigurations": [
                    {
                        "name": "az104-06-lb-fe",
                        "properties": {
                            "privateIPAllocationMethod": "Dynamic",
                            "publicIPAddress": {
                                "id": "[resourceId('Microsoft.Network/publicIPAddresses', parameters('publicIPAddresses_az104_06_pip4_name'))]"
                            }
                        }
                    }
                ],
                "backendAddressPools": [
                    {
                        "name": "[concat(parameters('loadBalancers_az104_06_lb4_name'), '-be1')]",
                        "properties": {
                            "loadBalancerBackendAddresses": [
                                {
                                    "name": "az104-06-rg1_az104-06-nic0ipconfig1",
                                    "properties": {}
                                },
                                {
                                    "name": "az104-06-rg1_az104-06-nic1ipconfig1",
                                    "properties": {}
                                }
                            ]
                        }
                    }
                ],
                "loadBalancingRules": [
                    {
                        "name": "[concat(parameters('loadBalancers_az104_06_lb4_name'), '-lbrule1')]",
                        "properties": {
                            "frontendIPConfiguration": {
                                "id": "[concat(resourceId('Microsoft.Network/loadBalancers', parameters('loadBalancers_az104_06_lb4_name')), '/frontendIPConfigurations/az104-06-lb-fe')]"
                            },
                            "frontendPort": 80,
                            "backendPort": 80,
                            "enableFloatingIP": false,
                            "idleTimeoutInMinutes": 4,
                            "protocol": "Tcp",
                            "enableTcpReset": false,
                            "loadDistribution": "Default",
                            "disableOutboundSnat": true,
                            "backendAddressPool": {
                                "id": "[resourceId('Microsoft.Network/loadBalancers/backendAddressPools', parameters('loadBalancers_az104_06_lb4_name'), concat(parameters('loadBalancers_az104_06_lb4_name'), '-be1'))]"
                            },
                            "probe": {
                                "id": "[concat(resourceId('Microsoft.Network/loadBalancers', parameters('loadBalancers_az104_06_lb4_name')), concat('/probes/', parameters('loadBalancers_az104_06_lb4_name'), '-hp1'))]"
                            }
                        }
                    }
                ],
                "probes": [
                    {
                        "name": "[concat(parameters('loadBalancers_az104_06_lb4_name'), '-hp1')]",
                        "properties": {
                            "protocol": "Tcp",
                            "port": 80,
                            "intervalInSeconds": 5,
                            "numberOfProbes": 2
                        }
                    }
                ],
                "inboundNatRules": [],
                "outboundRules": [],
                "inboundNatPools": []
            }
        },
        {
            "type": "Microsoft.Network/networkInterfaces",
            "apiVersion": "2020-11-01",
            "name": "[parameters('networkInterfaces_az104_06_nic2_name')]",
            "location": "eastus",
            "dependsOn": [
                "[resourceId('Microsoft.Network/virtualNetworks/subnets', parameters('virtualNetworks_az104_06_vnet2_name'), 'subnet0')]",
                "[resourceId('Microsoft.Network/networkSecurityGroups', parameters('networkSecurityGroups_az104_06_nsg2_name'))]"
            ],
            "properties": {
                "ipConfigurations": [
                    {
                        "name": "ipconfig1",
                        "properties": {
                            "privateIPAddress": "10.62.0.4",
                            "privateIPAllocationMethod": "Dynamic",
                            "subnet": {
                                "id": "[resourceId('Microsoft.Network/virtualNetworks/subnets', parameters('virtualNetworks_az104_06_vnet2_name'), 'subnet0')]"
                            },
                            "primary": true,
                            "privateIPAddressVersion": "IPv4"
                        }
                    }
                ],
                "dnsSettings": {
                    "dnsServers": []
                },
                "enableAcceleratedNetworking": false,
                "enableIPForwarding": false,
                "networkSecurityGroup": {
                    "id": "[resourceId('Microsoft.Network/networkSecurityGroups', parameters('networkSecurityGroups_az104_06_nsg2_name'))]"
                }
            }
        },
        {
            "type": "Microsoft.Network/networkInterfaces",
            "apiVersion": "2020-11-01",
            "name": "[parameters('networkInterfaces_az104_06_nic3_name')]",
            "location": "eastus",
            "dependsOn": [
                "[resourceId('Microsoft.Network/virtualNetworks/subnets', parameters('virtualNetworks_az104_06_vnet3_name'), 'subnet0')]",
                "[resourceId('Microsoft.Network/networkSecurityGroups', parameters('networkSecurityGroups_az104_06_nsg3_name'))]"
            ],
            "properties": {
                "ipConfigurations": [
                    {
                        "name": "ipconfig1",
                        "properties": {
                            "privateIPAddress": "10.63.0.4",
                            "privateIPAllocationMethod": "Dynamic",
                            "subnet": {
                                "id": "[resourceId('Microsoft.Network/virtualNetworks/subnets', parameters('virtualNetworks_az104_06_vnet3_name'), 'subnet0')]"
                            },
                            "primary": true,
                            "privateIPAddressVersion": "IPv4"
                        }
                    }
                ],
                "dnsSettings": {
                    "dnsServers": []
                },
                "enableAcceleratedNetworking": false,
                "enableIPForwarding": false,
                "networkSecurityGroup": {
                    "id": "[resourceId('Microsoft.Network/networkSecurityGroups', parameters('networkSecurityGroups_az104_06_nsg3_name'))]"
                }
            }
        },
        {
            "type": "Microsoft.Network/virtualNetworks",
            "apiVersion": "2020-11-01",
            "name": "[parameters('virtualNetworks_az104_06_vnet01_name')]",
            "location": "eastus",
            "dependsOn": [
                "[resourceId('Microsoft.Network/virtualNetworks', parameters('virtualNetworks_az104_06_vnet2_name'))]",
                "[resourceId('Microsoft.Network/virtualNetworks', parameters('virtualNetworks_az104_06_vnet3_name'))]"
            ],
            "properties": {
                "addressSpace": {
                    "addressPrefixes": [
                        "10.60.0.0/22"
                    ]
                },
                "subnets": [
                    {
                        "name": "subnet0",
                        "properties": {
                            "addressPrefix": "10.60.0.0/24",
                            "delegations": [],
                            "privateEndpointNetworkPolicies": "Enabled",
                            "privateLinkServiceNetworkPolicies": "Enabled"
                        }
                    },
                    {
                        "name": "subnet1",
                        "properties": {
                            "addressPrefix": "10.60.1.0/24",
                            "delegations": [],
                            "privateEndpointNetworkPolicies": "Enabled",
                            "privateLinkServiceNetworkPolicies": "Enabled"
                        }
                    },
                    {
                        "name": "subnet-appgw",
                        "properties": {
                            "addressPrefix": "10.60.3.224/27",
                            "serviceEndpoints": [],
                            "delegations": [],
                            "privateEndpointNetworkPolicies": "Disabled",
                            "privateLinkServiceNetworkPolicies": "Enabled"
                        }
                    }
                ],
                "virtualNetworkPeerings": [
                    {
                        "name": "[concat(parameters('virtualNetworks_az104_06_vnet01_name'), '_to_az104-06-vnet2')]",
                        "properties": {
                            "peeringState": "Connected",
                            "remoteVirtualNetwork": {
                                "id": "[resourceId('Microsoft.Network/virtualNetworks', parameters('virtualNetworks_az104_06_vnet2_name'))]"
                            },
                            "allowVirtualNetworkAccess": true,
                            "allowForwardedTraffic": false,
                            "allowGatewayTransit": false,
                            "useRemoteGateways": false,
                            "remoteAddressSpace": {
                                "addressPrefixes": [
                                    "10.62.0.0/22"
                                ]
                            }
                        }
                    },
                    {
                        "name": "[concat(parameters('virtualNetworks_az104_06_vnet01_name'), '_to_az104-06-vnet3')]",
                        "properties": {
                            "peeringState": "Connected",
                            "remoteVirtualNetwork": {
                                "id": "[resourceId('Microsoft.Network/virtualNetworks', parameters('virtualNetworks_az104_06_vnet3_name'))]"
                            },
                            "allowVirtualNetworkAccess": true,
                            "allowForwardedTraffic": false,
                            "allowGatewayTransit": false,
                            "useRemoteGateways": false,
                            "remoteAddressSpace": {
                                "addressPrefixes": [
                                    "10.63.0.0/22"
                                ]
                            }
                        }
                    }
                ],
                "enableDdosProtection": false
            }
        },
        {
            "type": "Microsoft.Network/virtualNetworks",
            "apiVersion": "2020-11-01",
            "name": "[parameters('virtualNetworks_az104_06_vnet2_name')]",
            "location": "eastus",
            "dependsOn": [
                "[resourceId('Microsoft.Network/routeTables', parameters('routeTables_az104_06_rt23_name'))]",
                "[resourceId('Microsoft.Network/virtualNetworks', parameters('virtualNetworks_az104_06_vnet01_name'))]"
            ],
            "properties": {
                "addressSpace": {
                    "addressPrefixes": [
                        "10.62.0.0/22"
                    ]
                },
                "subnets": [
                    {
                        "name": "subnet0",
                        "properties": {
                            "addressPrefix": "10.62.0.0/24",
                            "routeTable": {
                                "id": "[resourceId('Microsoft.Network/routeTables', parameters('routeTables_az104_06_rt23_name'))]"
                            },
                            "delegations": [],
                            "privateEndpointNetworkPolicies": "Enabled",
                            "privateLinkServiceNetworkPolicies": "Enabled"
                        }
                    }
                ],
                "virtualNetworkPeerings": [
                    {
                        "name": "[concat(parameters('virtualNetworks_az104_06_vnet2_name'), '_to_az104-06-vnet01')]",
                        "properties": {
                            "peeringState": "Connected",
                            "remoteVirtualNetwork": {
                                "id": "[resourceId('Microsoft.Network/virtualNetworks', parameters('virtualNetworks_az104_06_vnet01_name'))]"
                            },
                            "allowVirtualNetworkAccess": true,
                            "allowForwardedTraffic": false,
                            "allowGatewayTransit": false,
                            "useRemoteGateways": false,
                            "remoteAddressSpace": {
                                "addressPrefixes": [
                                    "10.60.0.0/22"
                                ]
                            }
                        }
                    }
                ],
                "enableDdosProtection": false
            }
        },
        {
            "type": "Microsoft.Network/virtualNetworks",
            "apiVersion": "2020-11-01",
            "name": "[parameters('virtualNetworks_az104_06_vnet3_name')]",
            "location": "eastus",
            "dependsOn": [
                "[resourceId('Microsoft.Network/routeTables', parameters('routeTables_az104_06_rt32_name'))]",
                "[resourceId('Microsoft.Network/virtualNetworks', parameters('virtualNetworks_az104_06_vnet01_name'))]"
            ],
            "properties": {
                "addressSpace": {
                    "addressPrefixes": [
                        "10.63.0.0/22"
                    ]
                },
                "subnets": [
                    {
                        "name": "subnet0",
                        "properties": {
                            "addressPrefix": "10.63.0.0/24",
                            "routeTable": {
                                "id": "[resourceId('Microsoft.Network/routeTables', parameters('routeTables_az104_06_rt32_name'))]"
                            },
                            "delegations": [],
                            "privateEndpointNetworkPolicies": "Enabled",
                            "privateLinkServiceNetworkPolicies": "Enabled"
                        }
                    }
                ],
                "virtualNetworkPeerings": [
                    {
                        "name": "[concat(parameters('virtualNetworks_az104_06_vnet3_name'), '_to_az104-06-vnet01')]",
                        "properties": {
                            "peeringState": "Connected",
                            "remoteVirtualNetwork": {
                                "id": "[resourceId('Microsoft.Network/virtualNetworks', parameters('virtualNetworks_az104_06_vnet01_name'))]"
                            },
                            "allowVirtualNetworkAccess": true,
                            "allowForwardedTraffic": false,
                            "allowGatewayTransit": false,
                            "useRemoteGateways": false,
                            "remoteAddressSpace": {
                                "addressPrefixes": [
                                    "10.60.0.0/22"
                                ]
                            }
                        }
                    }
                ],
                "enableDdosProtection": false
            }
        },
        {
            "type": "Microsoft.Network/virtualNetworks/subnets",
            "apiVersion": "2020-11-01",
            "name": "[concat(parameters('virtualNetworks_az104_06_vnet2_name'), '/subnet0')]",
            "dependsOn": [
                "[resourceId('Microsoft.Network/virtualNetworks', parameters('virtualNetworks_az104_06_vnet2_name'))]",
                "[resourceId('Microsoft.Network/routeTables', parameters('routeTables_az104_06_rt23_name'))]"
            ],
            "properties": {
                "addressPrefix": "10.62.0.0/24",
                "routeTable": {
                    "id": "[resourceId('Microsoft.Network/routeTables', parameters('routeTables_az104_06_rt23_name'))]"
                },
                "delegations": [],
                "privateEndpointNetworkPolicies": "Enabled",
                "privateLinkServiceNetworkPolicies": "Enabled"
            }
        },
        {
            "type": "Microsoft.Network/virtualNetworks/subnets",
            "apiVersion": "2020-11-01",
            "name": "[concat(parameters('virtualNetworks_az104_06_vnet3_name'), '/subnet0')]",
            "dependsOn": [
                "[resourceId('Microsoft.Network/virtualNetworks', parameters('virtualNetworks_az104_06_vnet3_name'))]",
                "[resourceId('Microsoft.Network/routeTables', parameters('routeTables_az104_06_rt32_name'))]"
            ],
            "properties": {
                "addressPrefix": "10.63.0.0/24",
                "routeTable": {
                    "id": "[resourceId('Microsoft.Network/routeTables', parameters('routeTables_az104_06_rt32_name'))]"
                },
                "delegations": [],
                "privateEndpointNetworkPolicies": "Enabled",
                "privateLinkServiceNetworkPolicies": "Enabled"
            }
        },
        {
            "type": "Microsoft.Network/virtualNetworks/virtualNetworkPeerings",
            "apiVersion": "2020-11-01",
            "name": "[concat(parameters('virtualNetworks_az104_06_vnet01_name'), '/', parameters('virtualNetworks_az104_06_vnet01_name'), '_to_az104-06-vnet2')]",
            "dependsOn": [
                "[resourceId('Microsoft.Network/virtualNetworks', parameters('virtualNetworks_az104_06_vnet01_name'))]",
                "[resourceId('Microsoft.Network/virtualNetworks', parameters('virtualNetworks_az104_06_vnet2_name'))]"
            ],
            "properties": {
                "peeringState": "Connected",
                "remoteVirtualNetwork": {
                    "id": "[resourceId('Microsoft.Network/virtualNetworks', parameters('virtualNetworks_az104_06_vnet2_name'))]"
                },
                "allowVirtualNetworkAccess": true,
                "allowForwardedTraffic": false,
                "allowGatewayTransit": false,
                "useRemoteGateways": false,
                "remoteAddressSpace": {
                    "addressPrefixes": [
                        "10.62.0.0/22"
                    ]
                }
            }
        },
        {
            "type": "Microsoft.Network/virtualNetworks/virtualNetworkPeerings",
            "apiVersion": "2020-11-01",
            "name": "[concat(parameters('virtualNetworks_az104_06_vnet01_name'), '/', parameters('virtualNetworks_az104_06_vnet01_name'), '_to_az104-06-vnet3')]",
            "dependsOn": [
                "[resourceId('Microsoft.Network/virtualNetworks', parameters('virtualNetworks_az104_06_vnet01_name'))]",
                "[resourceId('Microsoft.Network/virtualNetworks', parameters('virtualNetworks_az104_06_vnet3_name'))]"
            ],
            "properties": {
                "peeringState": "Connected",
                "remoteVirtualNetwork": {
                    "id": "[resourceId('Microsoft.Network/virtualNetworks', parameters('virtualNetworks_az104_06_vnet3_name'))]"
                },
                "allowVirtualNetworkAccess": true,
                "allowForwardedTraffic": false,
                "allowGatewayTransit": false,
                "useRemoteGateways": false,
                "remoteAddressSpace": {
                    "addressPrefixes": [
                        "10.63.0.0/22"
                    ]
                }
            }
        },
        {
            "type": "Microsoft.Network/virtualNetworks/virtualNetworkPeerings",
            "apiVersion": "2020-11-01",
            "name": "[concat(parameters('virtualNetworks_az104_06_vnet2_name'), '/', parameters('virtualNetworks_az104_06_vnet2_name'), '_to_az104-06-vnet01')]",
            "dependsOn": [
                "[resourceId('Microsoft.Network/virtualNetworks', parameters('virtualNetworks_az104_06_vnet2_name'))]",
                "[resourceId('Microsoft.Network/virtualNetworks', parameters('virtualNetworks_az104_06_vnet01_name'))]"
            ],
            "properties": {
                "peeringState": "Connected",
                "remoteVirtualNetwork": {
                    "id": "[resourceId('Microsoft.Network/virtualNetworks', parameters('virtualNetworks_az104_06_vnet01_name'))]"
                },
                "allowVirtualNetworkAccess": true,
                "allowForwardedTraffic": false,
                "allowGatewayTransit": false,
                "useRemoteGateways": false,
                "remoteAddressSpace": {
                    "addressPrefixes": [
                        "10.60.0.0/22"
                    ]
                }
            }
        },
        {
            "type": "Microsoft.Network/virtualNetworks/virtualNetworkPeerings",
            "apiVersion": "2020-11-01",
            "name": "[concat(parameters('virtualNetworks_az104_06_vnet3_name'), '/', parameters('virtualNetworks_az104_06_vnet3_name'), '_to_az104-06-vnet01')]",
            "dependsOn": [
                "[resourceId('Microsoft.Network/virtualNetworks', parameters('virtualNetworks_az104_06_vnet3_name'))]",
                "[resourceId('Microsoft.Network/virtualNetworks', parameters('virtualNetworks_az104_06_vnet01_name'))]"
            ],
            "properties": {
                "peeringState": "Connected",
                "remoteVirtualNetwork": {
                    "id": "[resourceId('Microsoft.Network/virtualNetworks', parameters('virtualNetworks_az104_06_vnet01_name'))]"
                },
                "allowVirtualNetworkAccess": true,
                "allowForwardedTraffic": false,
                "allowGatewayTransit": false,
                "useRemoteGateways": false,
                "remoteAddressSpace": {
                    "addressPrefixes": [
                        "10.60.0.0/22"
                    ]
                }
            }
        },
        {
            "type": "Microsoft.Network/networkInterfaces",
            "apiVersion": "2020-11-01",
            "name": "[parameters('networkInterfaces_az104_06_nic0_name')]",
            "location": "eastus",
            "dependsOn": [
                "[resourceId('Microsoft.Network/virtualNetworks/subnets', parameters('virtualNetworks_az104_06_vnet01_name'), 'subnet0')]",
                "[resourceId('Microsoft.Network/loadBalancers/backendAddressPools', parameters('loadBalancers_az104_06_lb4_name'), concat(parameters('loadBalancers_az104_06_lb4_name'), '-be1'))]",
                "[resourceId('Microsoft.Network/networkSecurityGroups', parameters('networkSecurityGroups_az104_06_nsg01_name'))]"
            ],
            "properties": {
                "ipConfigurations": [
                    {
                        "name": "ipconfig1",
                        "properties": {
                            "privateIPAddress": "10.60.0.4",
                            "privateIPAllocationMethod": "Dynamic",
                            "subnet": {
                                "id": "[resourceId('Microsoft.Network/virtualNetworks/subnets', parameters('virtualNetworks_az104_06_vnet01_name'), 'subnet0')]"
                            },
                            "primary": true,
                            "privateIPAddressVersion": "IPv4",
                            "loadBalancerBackendAddressPools": [
                                {
                                    "id": "[resourceId('Microsoft.Network/loadBalancers/backendAddressPools', parameters('loadBalancers_az104_06_lb4_name'), concat(parameters('loadBalancers_az104_06_lb4_name'), '-be1'))]"
                                }
                            ]
                        }
                    }
                ],
                "dnsSettings": {
                    "dnsServers": []
                },
                "enableAcceleratedNetworking": false,
                "enableIPForwarding": true,
                "networkSecurityGroup": {
                    "id": "[resourceId('Microsoft.Network/networkSecurityGroups', parameters('networkSecurityGroups_az104_06_nsg01_name'))]"
                }
            }
        },
        {
            "type": "Microsoft.Network/networkInterfaces",
            "apiVersion": "2020-11-01",
            "name": "[parameters('networkInterfaces_az104_06_nic1_name')]",
            "location": "eastus",
            "dependsOn": [
                "[resourceId('Microsoft.Network/virtualNetworks/subnets', parameters('virtualNetworks_az104_06_vnet01_name'), 'subnet1')]",
                "[resourceId('Microsoft.Network/loadBalancers/backendAddressPools', parameters('loadBalancers_az104_06_lb4_name'), concat(parameters('loadBalancers_az104_06_lb4_name'), '-be1'))]",
                "[resourceId('Microsoft.Network/networkSecurityGroups', parameters('networkSecurityGroups_az104_06_nsg01_name'))]"
            ],
            "properties": {
                "ipConfigurations": [
                    {
                        "name": "ipconfig1",
                        "properties": {
                            "privateIPAddress": "10.60.1.4",
                            "privateIPAllocationMethod": "Dynamic",
                            "subnet": {
                                "id": "[resourceId('Microsoft.Network/virtualNetworks/subnets', parameters('virtualNetworks_az104_06_vnet01_name'), 'subnet1')]"
                            },
                            "primary": true,
                            "privateIPAddressVersion": "IPv4",
                            "loadBalancerBackendAddressPools": [
                                {
                                    "id": "[resourceId('Microsoft.Network/loadBalancers/backendAddressPools', parameters('loadBalancers_az104_06_lb4_name'), concat(parameters('loadBalancers_az104_06_lb4_name'), '-be1'))]"
                                }
                            ]
                        }
                    }
                ],
                "dnsSettings": {
                    "dnsServers": []
                },
                "enableAcceleratedNetworking": false,
                "enableIPForwarding": false,
                "networkSecurityGroup": {
                    "id": "[resourceId('Microsoft.Network/networkSecurityGroups', parameters('networkSecurityGroups_az104_06_nsg01_name'))]"
                }
            }
        }
    ]
}