{
    "$schema": "https://schema.management.azure.com/schemas/2015-01-01/deploymentParameters.json#",
    "contentVersion": "1.0.0.0",
    "parameters": {
        "availabilityZones": {
            "value": []
        },
        "location": {
            "value": "eastus"
        },
        "containerName": {
            "value": "az104-09b-c1"
        },
        "imageType": {
            "value": "Public"
        },
        "imageName": {
            "value": "mcr.microsoft.com/azuredocs/aci-helloworld:latest"
        },
        "osType": {
            "value": "Linux"
        },
        "numberCpuCores": {
            "value": "1"
        },
        "memory": {
            "value": "1.5"
        },
        "restartPolicy": {
            "value": "OnFailure"
        },
        "ipAddressType": {
            "value": "Public"
        },
        "ports": {
            "value": [
                {
                    "port": "80",
                    "protocol": "TCP"
                }
            ]
        },
        "dnsNameLabel": {
            "value": "az104-09b-c1-wfe"
        }
    }
}