{
    "$schema": "https://schema.management.azure.com/schemas/2015-01-01/deploymentTemplate.json#",
    "contentVersion": "1.0.0.0",
    "parameters": {
        "availabilityZones": {
            "type": "Array"
        },
        "location": {
            "type": "String"
        },
        "containerName": {
            "type": "String"
        },
        "imageType": {
            "allowedValues": [
                "Public",
                "Private"
            ],
            "type": "String"
        },
        "imageName": {
            "type": "String"
        },
        "osType": {
            "allowedValues": [
                "Linux",
                "Windows"
            ],
            "type": "String"
        },
        "numberCpuCores": {
            "type": "String"
        },
        "memory": {
            "type": "String"
        },
        "restartPolicy": {
            "allowedValues": [
                "OnFailure",
                "Always",
                "Never"
            ],
            "type": "String"
        },
        "ipAddressType": {
            "type": "String"
        },
        "ports": {
            "type": "Array"
        },
        "dnsNameLabel": {
            "type": "String"
        }
    },
    "resources": [
        {
            "type": "Microsoft.ContainerInstance/containerGroups",
            "apiVersion": "2021-09-01",
            "name": "[parameters('containerName')]",
            "location": "[parameters('location')]",
            "tags": {},
            "zones": "[parameters('availabilityZones')]",
            "properties": {
                "containers": [
                    {
                        "name": "[parameters('containerName')]",
                        "properties": {
                            "image": "[parameters('imageName')]",
                            "resources": {
                                "requests": {
                                    "cpu": "[int(parameters('numberCpuCores'))]",
                                    "memoryInGB": "[float(parameters('memory'))]"
                                }
                            },
                            "ports": "[parameters('ports')]"
                        }
                    }
                ],
                "restartPolicy": "[parameters('restartPolicy')]",
                "osType": "[parameters('osType')]",
                "ipAddress": {
                    "type": "[parameters('ipAddressType')]",
                    "ports": "[parameters('ports')]",
                    "dnsNameLabel": "[parameters('dnsNameLabel')]"
                }
            }
        }
    ]
}