{
    "$schema": "https://schema.management.azure.com/schemas/2015-01-01/deploymentParameters.json#",
    "contentVersion": "1.0.0.0",
    "parameters": {
        "subscriptionId": {
            "value": "b10fbc3d-9183-45a5-9ea5-54734bfd3ba7"
        },
        "name": {
            "value": "az10409containerappwfe"
        },
        "location": {
            "value": "eastus"
        },
        "environmentId": {
            "value": "/subscriptions/b10fbc3d-9183-45a5-9ea5-54734bfd3ba7/resourceGroups/az104-09-rg1/providers/Microsoft.App/managedEnvironments/managedEnvironment-az10409rg1-932e"
        },
        "containers": {
            "value": [
                {
                    "name": "simple-hello-world-container",
                    "image": "mcr.microsoft.com/azuredocs/containerapps-helloworld:latest",
                    "command": [],
                    "resources": {
                        "cpu": ".25",
                        "memory": ".5Gi"
                    }
                }
            ]
        },
        "registries": {
            "value": []
        },
        "secrets": {
            "value": []
        },
        "ingress": {
            "value": {
                "external": true,
                "targetPort": 80
            }
        },
        "environmentName": {
            "value": "managedEnvironment-az10409rg1-932e"
        },
        "workspaceName": {
            "value": "workspaceaz10409rg1a72d"
        },
        "workspaceLocation": {
            "value": "eastus"
        }
    }
}