{
    "$schema": "https://schema.management.azure.com/schemas/2019-04-01/deploymentTemplate.json#",
    "contentVersion": "1.0.0.0",
    "parameters": {
        "solutions_VMInsights_DefaultWorkspace_b10fbc3d_9183_45a5_9ea5_54734bfd3ba7_EUS__name": {
            "defaultValue": "VMInsights(DefaultWorkspace-b10fbc3d-9183-45a5-9ea5-54734bfd3ba7-EUS)",
            "type": "String"
        },
        "workspaces_DefaultWorkspace_b10fbc3d_9183_45a5_9ea5_54734bfd3ba7_EUS_externalid": {
            "defaultValue": "/subscriptions/b10fbc3d-9183-45a5-9ea5-54734bfd3ba7/resourceGroups/DefaultResourceGroup-EUS/providers/Microsoft.OperationalInsights/workspaces/DefaultWorkspace-b10fbc3d-9183-45a5-9ea5-54734bfd3ba7-EUS",
            "type": "String"
        }
    },
    "variables": {},
    "resources": [
        {
            "type": "Microsoft.OperationsManagement/solutions",
            "apiVersion": "2015-11-01-preview",
            "name": "[parameters('solutions_VMInsights_DefaultWorkspace_b10fbc3d_9183_45a5_9ea5_54734bfd3ba7_EUS__name')]",
            "location": "East US",
            "plan": {
                "name": "VMInsights(DefaultWorkspace-b10fbc3d-9183-45a5-9ea5-54734bfd3ba7-EUS)",
                "promotionCode": "",
                "product": "OMSGallery/VMInsights",
                "publisher": "Microsoft"
            },
            "properties": {
                "workspaceResourceId": "[parameters('workspaces_DefaultWorkspace_b10fbc3d_9183_45a5_9ea5_54734bfd3ba7_EUS_externalid')]",
                "containedResources": []
            }
        }
    ]
}