{
    "$schema": "https://schema.management.azure.com/schemas/2019-04-01/deploymentTemplate.json#",
    "contentVersion": "1.0.0.0",
    "parameters": {
        "disks_az104_05_vm2_disk1_fc0da7d6e27f4d0f961d4628afaba521_name": {
            "defaultValue": "az104-05-vm2_disk1_fc0da7d6e27f4d0f961d4628afaba521",
            "type": "String"
        }
    },
    "variables": {},
    "resources": [
        {
            "type": "Microsoft.Compute/disks",
            "apiVersion": "2021-12-01",
            "name": "[parameters('disks_az104_05_vm2_disk1_fc0da7d6e27f4d0f961d4628afaba521_name')]",
            "location": "westus",
            "sku": {
                "name": "Premium_LRS",
                "tier": "Premium"
            },
            "properties": {
                "osType": "Windows",
                "hyperVGeneration": "V1",
                "supportsHibernation": false,
                "supportedCapabilities": {
                    "acceleratedNetwork": true,
                    "architecture": "x64"
                },
                "creationData": {
                    "createOption": "FromImage",
                    "imageReference": {
                        "id": "/Subscriptions/fed6995b-8879-43ea-8266-fc20eeb9e686/Providers/Microsoft.Compute/Locations/westus/Publishers/microsoftwindowsserver/ArtifactTypes/VMImage/Offers/windowsserver/Skus/2019-datacenter/Versions/17763.3132.220610"
                    }
                },
                "diskSizeGB": 127,
                "diskIOPSReadWrite": 500,
                "diskMBpsReadWrite": 100,
                "encryption": {
                    "type": "EncryptionAtRestWithPlatformKey"
                },
                "networkAccessPolicy": "AllowAll",
                "publicNetworkAccess": "Enabled",
                "diskState": "Attached",
                "tier": "P10"
            }
        }
    ]
}