{
    "$schema": "https://schema.management.azure.com/schemas/2019-04-01/deploymentTemplate.json#",
    "contentVersion": "1.0.0.0",
    "parameters": {
        "containerGroups_az104_09b_c2_name": {
            "defaultValue": "az104-09b-c2",
            "type": "String"
        }
    },
    "variables": {},
    "resources": [
        {
            "type": "Microsoft.ContainerInstance/containerGroups",
            "apiVersion": "2021-10-01",
            "name": "[parameters('containerGroups_az104_09b_c2_name')]",
            "location": "eastus",
            "properties": {
                "sku": "Standard",
                "containers": [
                    {
                        "name": "[parameters('containerGroups_az104_09b_c2_name')]",
                        "properties": {
                            "image": "earnhardt/vir_report:version1.0",
                            "ports": [
                                {
                                    "protocol": "TCP",
                                    "port": 80
                                }
                            ],
                            "environmentVariables": [],
                            "resources": {
                                "requests": {
                                    "memoryInGB": 1.5,
                                    "cpu": 1
                                }
                            }
                        }
                    }
                ],
                "initContainers": [],
                "restartPolicy": "OnFailure",
                "ipAddress": {
                    "ports": [
                        {
                            "protocol": "TCP",
                            "port": 80
                        }
                    ],
                    "type": "Public",
                    "dnsNameLabel": "[concat(parameters('containerGroups_az104_09b_c2_name'), '-virpt')]"
                },
                "osType": "Linux"
            }
        }
    ]
}