{
    "$schema": "https://schema.management.azure.com/schemas/2019-04-01/deploymentTemplate.json#",
    "contentVersion": "1.0.0.0",
    "parameters": {
        "networkWatchers_NetworkWatcher_eastus_name": {
            "defaultValue": "NetworkWatcher_eastus",
            "type": "String"
        }
    },
    "variables": {},
    "resources": [
        {
            "type": "Microsoft.Network/networkWatchers",
            "apiVersion": "2020-11-01",
            "name": "[parameters('networkWatchers_NetworkWatcher_eastus_name')]",
            "location": "eastus",
            "properties": {
                "provisioningState": "Succeeded",
                "runningOperationIds": []
            }
        }
    ]
}